3,1,,25/09/2019,28/09/2019,50,0,0,0,50,,invoice,open,3,1,rahul,rahulyadav1598@gmail.com,sakinaka,,mumbai,Maharashtra,400072,9967856357,rahul,sakinaka,,mumbai,Maharashtra,400072
6,2,,04/09/2019,02/09/2019,0,0,0,0,0,,invoice,open,6,2,rahul,rahulyadav1598@gmail.com,sakinaka,,mumbai,Maharashtra,400072,9967856357,rahul,sakinaka,,mumbai,Maharashtra,400072
7,3,,11/09/2019,10/09/2019,0,0,0,0,0,,invoice,open,7,3,rahul,rahulyadav1598@gmail.com,sakinaka,,mumbai,Maharashtra,400072,9967856357,rahul,sakinaka,,mumbai,Maharashtra,400072
8,4,,12/09/2019,18/09/2019,0,0,50,0,0,,invoice,open,8,4,rahul,rahulyadav1598@gmail.com,sakinaka,,mumbai,Maharashtra,400072,9967856357,rahul,sakinaka,,mumbai,Maharashtra,400072
9,5,,10/09/2019,12/09/2019,50,0,0,0,50,,invoice,open,9,5,"vicky jha",iamvickyjha@gmail.com,vashi,,mumbai,india,400703,9768825774,"vicky jha",vashi,,mumbai,india,400703
10,6,,18/09/2019,10/09/2019,50,0,0,0,55,,invoice,open,10,6,"vicky jha",iamvickyjha@gmail.com,vashi,,mumbai,india,400703,9768825774,"vicky jha",vashi,,mumbai,india,400703
11,7,,19/09/2019,19/09/2019,50,0,0,0,55,,invoice,paid,11,7,rahul,rahulyadav1598@gmail.com,sakinaka,,mumbai,Maharashtra,400072,9967856357,rahul,sakinaka,,mumbai,Maharashtra,400072
12,8,,21/09/2019,09/09/2019,40,0,10,0,40,,invoice,open,12,8,"vicky jha",iamvickyjha@gmail.com,vashi,,mumbai,india,400703,9768825774,"vicky jha",vashi,,mumbai,india,400703
13,9,,13/09/2019,21/09/2019,50,0,0,0,55,,invoice,open,13,9,rahul,rahulyadav1598@gmail.com,sakinaka,,mumbai,Maharashtra,400072,9967856357,rahul,sakinaka,,mumbai,Maharashtra,400072
14,10,,27/09/2019,28/09/2019,30,0,20,0,30,,invoice,open,14,10,rahul,rahulyadav1598@gmail.com,sakinaka,,mumbai,Maharashtra,400072,9967856357,rahul,sakinaka,,mumbai,Maharashtra,400072
15,11,,16/09/2019,18/09/2019,39,0,11,0,39,,invoice,open,15,11,rahul,rahulyadav1598@gmail.com,sakinaka,,mumbai,Maharashtra,400072,9967856357,rahul,sakinaka,,mumbai,Maharashtra,400072
16,12,,12/09/2019,21/09/2019,50,0,0,0,55,,invoice,open,16,12,"vicky jha",iamvickyjha@gmail.com,vashi,,mumbai,india,400703,9768825774,"vicky jha",vashi,,mumbai,india,400703
17,13,,03/09/2019,07/09/2019,50,0,0,0,59,,invoice,open,17,13,rahul,rahulyadav1598@gmail.com,sakinaka,,mumbai,Maharashtra,400072,9967856357,rahul,sakinaka,,mumbai,Maharashtra,400072
