3,1,,25/09/2019,28/09/2019,50,0,0,0,50,,invoice,open,3,1,rahul,rahulyadav1598@gmail.com,sakinaka,,mumbai,Maharashtra,400072,9967856357,rahul,sakinaka,,mumbai,Maharashtra,400072
6,2,,04/09/2019,02/09/2019,0,0,0,0,0,,invoice,open,6,2,rahul,rahulyadav1598@gmail.com,sakinaka,,mumbai,Maharashtra,400072,9967856357,rahul,sakinaka,,mumbai,Maharashtra,400072
7,3,,11/09/2019,10/09/2019,0,0,0,0,0,,invoice,open,7,3,rahul,rahulyadav1598@gmail.com,sakinaka,,mumbai,Maharashtra,400072,9967856357,rahul,sakinaka,,mumbai,Maharashtra,400072
8,4,,12/09/2019,18/09/2019,0,0,50,0,0,,invoice,open,8,4,rahul,rahulyadav1598@gmail.com,sakinaka,,mumbai,Maharashtra,400072,9967856357,rahul,sakinaka,,mumbai,Maharashtra,400072
9,5,,10/09/2019,12/09/2019,50,0,0,0,50,,invoice,open,9,5,"vicky jha",iamvickyjha@gmail.com,vashi,,mumbai,india,400703,9768825774,"vicky jha",vashi,,mumbai,india,400703
10,6,,18/09/2019,10/09/2019,50,0,0,0,55,,invoice,open,10,6,"vicky jha",iamvickyjha@gmail.com,vashi,,mumbai,india,400703,9768825774,"vicky jha",vashi,,mumbai,india,400703
11,7,,19/09/2019,19/09/2019,50,0,0,0,55,,invoice,paid,11,7,rahul,rahulyadav1598@gmail.com,sakinaka,,mumbai,Maharashtra,400072,9967856357,rahul,sakinaka,,mumbai,Maharashtra,400072
12,8,,21/09/2019,09/09/2019,40,0,10,0,40,,invoice,open,12,8,"vicky jha",iamvickyjha@gmail.com,vashi,,mumbai,india,400703,9768825774,"vicky jha",vashi,,mumbai,india,400703
13,9,,13/09/2019,21/09/2019,50,0,0,0,55,,invoice,open,13,9,rahul,rahulyadav1598@gmail.com,sakinaka,,mumbai,Maharashtra,400072,9967856357,rahul,sakinaka,,mumbai,Maharashtra,400072
14,10,,27/09/2019,28/09/2019,30,0,20,0,30,,invoice,open,14,10,rahul,rahulyadav1598@gmail.com,sakinaka,,mumbai,Maharashtra,400072,9967856357,rahul,sakinaka,,mumbai,Maharashtra,400072
15,11,,16/09/2019,18/09/2019,39,0,11,0,39,,invoice,open,15,11,rahul,rahulyadav1598@gmail.com,sakinaka,,mumbai,Maharashtra,400072,9967856357,rahul,sakinaka,,mumbai,Maharashtra,400072
16,12,,12/09/2019,21/09/2019,50,0,0,0,55,,invoice,open,16,12,"vicky jha",iamvickyjha@gmail.com,vashi,,mumbai,india,400703,9768825774,"vicky jha",vashi,,mumbai,india,400703
17,13,,03/09/2019,07/09/2019,50,0,0,0,59,,invoice,open,17,13,rahul,rahulyadav1598@gmail.com,sakinaka,,mumbai,Maharashtra,400072,9967856357,rahul,sakinaka,,mumbai,Maharashtra,400072
18,14,,28/09/2019,28/09/2019,-20,0,21,0,-24,vdfkvmkfkvkdfkvfd,invoice,open,18,14,rahul,rahulyadav1598@gmail.com,sakinaka,,mumbai,Maharashtra,400072,9967856357,rahul,sakinaka,,mumbai,Maharashtra,400072
19,15,,17/09/2019,18/09/2019,90,0,10,0,90,,invoice,open,19,15,rahul,rahulyadav1598@gmail.com,sakinaka,,mumbai,Maharashtra,400072,9967856357,rahul,sakinaka,,mumbai,Maharashtra,400072
20,16,,04/09/2019,17/09/2019,30,0,20,0,30,,invoice,open,20,16,"vicky jha",iamvickyjha@gmail.com,vashi,,mumbai,india,400703,9768825774,"vicky jha",vashi,,mumbai,india,400703
21,17,,30/09/2019,30/09/2019,5000,0,0,0,5900,,invoice,open,21,17,"vicky jha",iamvickyjha@gmail.com,vashi,,mumbai,india,400703,9768825774,"vicky jha",vashi,,mumbai,india,400703
22,18,,29/09/2019,30/09/2019,50,0,0,0,59,,invoice,open,22,18,"vicky jha",iamvickyjha@gmail.com,vashi,,mumbai,india,400703,9768825774,"vicky jha",vashi,,mumbai,india,400703
23,19,,12/09/2019,26/09/2019,100,0,0,0,100,,invoice,paid,23,19,rahul,rahulyadav1598@gmail.com,sakinaka,,mumbai,Maharashtra,400072,9967856357,rahul,sakinaka,,mumbai,Maharashtra,400072
24,20,,29/09/2019,30/09/2019,100,0,0,0,100,,invoice,open,24,20,rahul,rahulyadav1598@gmail.com,sakinaka,,mumbai,Maharashtra,400072,9967856357,rahul,sakinaka,,mumbai,Maharashtra,400072
25,21,,29/09/2019,30/09/2019,50,0,0,0,59,,invoice,open,25,21,rahul,rahulyadav1598@gmail.com,sakinaka,,mumbai,Maharashtra,400072,9967856357,rahul,sakinaka,,mumbai,Maharashtra,400072
26,21,,29/09/2019,30/09/2019,90,0,10,0,106,,invoice,open,25,21,rahul,rahulyadav1598@gmail.com,sakinaka,,mumbai,Maharashtra,400072,9967856357,rahul,sakinaka,,mumbai,Maharashtra,400072
25,21,,29/09/2019,30/09/2019,50,0,0,0,59,,invoice,open,26,21,"vicky jha",iamvickyjha@gmail.com,vashi,,mumbai,india,400703,9768825774,"vicky jha",vashi,asas,mumbai,india,400703
26,21,,29/09/2019,30/09/2019,90,0,10,0,106,,invoice,open,26,21,"vicky jha",iamvickyjha@gmail.com,vashi,,mumbai,india,400703,9768825774,"vicky jha",vashi,asas,mumbai,india,400703
27,22,,29/09/2019,01/10/2019,100,0,0,0,118,,invoice,open,27,22,rahul,rahulyadav1598@gmail.com,sakinaka,,mumbai,Maharashtra,400072,9967856357,rahul,sakinaka,,mumbai,Maharashtra,400072
28,23,,29/09/2019,01/10/2019,50,0,0,0,59,,invoice,open,28,23,"vicky jha",iamvickyjha@gmail.com,vashi,,mumbai,india,400703,9768825774,"vicky jha",vashi,,mumbai,india,400703
29,24,,29/09/2019,01/10/2019,50,0,0,0,59,,invoice,open,29,24,rahul,rahulyadav1598@gmail.com,sakinaka,,mumbai,Maharashtra,400072,9967856357,rahul,sakinaka,,mumbai,Maharashtra,400072
30,25,,29/09/2019,01/10/2019,100,0,0,0,118,,invoice,open,30,25,"vicky jha",iamvickyjha@gmail.com,vashi,,mumbai,india,400703,9768825774,"vicky jha",vashi,,mumbai,india,400703
31,26,,29/09/2019,01/10/2019,50,0,0,0,59,,invoice,open,31,26,"vicky jha",iamvickyjha@gmail.com,vashi,,mumbai,india,400703,9768825774,"vicky jha",vashi,,mumbai,india,400703
32,27,,29/09/2019,01/10/2019,50,0,0,0,59,,invoice,open,32,27,"vicky jha",iamvickyjha@gmail.com,vashi,,mumbai,india,400703,9768825774,"vicky jha",vashi,,mumbai,india,400703
33,28,,29/09/2019,01/10/2019,50,0,0,0,59,,invoice,open,33,28,"vicky jha",iamvickyjha@gmail.com,vashi,,mumbai,india,400703,9768825774,"vicky jha",vashi,,mumbai,india,400703
34,29,,29/09/2019,01/10/2019,50,0,0,0,59,,invoice,open,34,29,"vicky jha",iamvickyjha@gmail.com,vashi,,mumbai,india,400703,9768825774,"vicky jha",vashi,,mumbai,india,400703
35,29,,29/09/2019,01/10/2019,50,0,0,0,59,,invoice,open,34,29,"vicky jha",iamvickyjha@gmail.com,vashi,,mumbai,india,400703,9768825774,"vicky jha",vashi,,mumbai,india,400703
34,29,,29/09/2019,01/10/2019,50,0,0,0,59,,invoice,open,35,29,"vicky jha",iamvickyjha@gmail.com,vashi,,mumbai,india,400703,9768825774,"vicky jha",vashi,,mumbai,india,400703
35,29,,29/09/2019,01/10/2019,50,0,0,0,59,,invoice,open,35,29,"vicky jha",iamvickyjha@gmail.com,vashi,,mumbai,india,400703,9768825774,"vicky jha",vashi,,mumbai,india,400703
36,30,,29/09/2019,05/10/2019,50,0,0,0,59,,invoice,open,36,30,rahul,rahulyadav1598@gmail.com,sakinaka,,mumbai,Maharashtra,400072,9967856357,rahul,sakinaka,,mumbai,Maharashtra,400072
37,31,,29/09/2019,04/10/2019,50,0,0,0,50,,invoice,open,37,31,"vicky jha",iamvickyjha@gmail.com,vashi,,mumbai,india,400703,9768825774,"vicky jha",vashi,,mumbai,india,400703
38,32,,29/09/2019,30/09/2019,50,0,0,0,59,,invoice,open,38,32,"vicky jha",iamvickyjha@gmail.com,vashi,,mumbai,india,400703,9768825774,"vicky jha",vashi,,mumbai,india,400703
39,33,,29/09/2019,01/10/2019,100,0,0,0,118,,invoice,open,39,33,"vicky jha",iamvickyjha@gmail.com,vashi,,mumbai,india,400703,9768825774,"vicky jha",vashi,,mumbai,india,400703
40,34,,29/09/2019,01/10/2019,50,0,0,0,59,,invoice,open,40,34,"vicky jha",iamvickyjha@gmail.com,vashi,,mumbai,india,400703,9768825774,"vicky jha",vashi,,mumbai,india,400703
41,35,,29/09/2019,01/10/2019,100,0,0,0,118,,invoice,open,41,35,"vicky jha",iamvickyjha@gmail.com,vashi,,mumbai,india,400703,9768825774,"vicky jha",vashi,,mumbai,india,400703
42,36,,29/09/2019,03/10/2019,100,0,0,0,100,,invoice,open,42,36,"vicky jha",iamvickyjha@gmail.com,vashi,,mumbai,india,400703,9768825774,"vicky jha",vashi,,mumbai,india,400703
43,37,,29/09/2019,03/10/2019,50,0,0,0,50,,invoice,open,43,37,"vicky jha",iamvickyjha@gmail.com,vashi,,mumbai,india,400703,9768825774,"vicky jha",vashi,,mumbai,india,400703
44,38,,29/09/2019,02/10/2019,100,0,0,0,100,,invoice,open,44,38,rahul,rahulyadav1598@gmail.com,sakinaka,,mumbai,Maharashtra,400072,9967856357,rahul,sakinaka,,mumbai,Maharashtra,400072
45,39,,29/09/2019,03/10/2019,50,0,0,0,59,,invoice,open,45,39,"vicky jha",iamvickyjha@gmail.com,vashi,,mumbai,india,400703,9768825774,"vicky jha",vashi,,mumbai,india,400703
46,40,,30/09/2019,15/10/2019,20,0,0,0,24,,invoice,open,46,40,rahul,rahulyadav1598@gmail.com,sakinaka,,mumbai,Maharashtra,400072,9967856357,rahul,sakinaka,,mumbai,Maharashtra,400072
